"","url","author","date","timestamp","score","upvotes","downvotes","golds","comment","comment_id"
"1","https://www.reddit.com/r/inflation/comments/1bkomob/it_happened_folks_trade_joes_increases_their/","inventionnerd","2024-03-22",1711075615,46,46,0,0,"Well no shit, 19 cents a banana was expensive to begin with. Roughly 3 bananas a lb puts it at 57 cents a lb. Bananas sure as fuck weren't 57 cents a lb back in 1999. Probably closer to 20-30 cents.","1"
"2","https://www.reddit.com/r/inflation/comments/1bkomob/it_happened_folks_trade_joes_increases_their/","biffNicholson","2024-03-22",1711079144,29,29,0,0,"also TJ's produce sucks,","1_1"
"3","https://www.reddit.com/r/inflation/comments/1bkomob/it_happened_folks_trade_joes_increases_their/","timebandits411","2024-03-22",1711089911,9,9,0,0,"Yea they have also got some strange pricing. Paying per piece and not per weight throws me completely off.","1_1_1"
"4","https://www.reddit.com/r/inflation/comments/1bkomob/it_happened_folks_trade_joes_increases_their/","-boatsNhoes","2024-03-22",1711100332,18,18,0,0,"That's the point. Makes it seem cheaper when half of america can't do basic math.   
   
Remember we are the country who didn't want the 1/3lb burger because people thought 1/4lb was bigger.","1_1_1_1"
"5","https://www.reddit.com/r/inflation/comments/1bkomob/it_happened_folks_trade_joes_increases_their/","biffNicholson","2024-03-22",1711108789,3,3,0,0,"all about that "" unit price "" life.","1_1_1_1_1"
"6","https://www.reddit.com/r/inflation/comments/1bkomob/it_happened_folks_trade_joes_increases_their/","Tonyspamoli","2024-03-23",1711153267,1,1,0,0,"We also agreed to switch to metric with Canada then backed out because we're too lazy to learn it. It's a base 10 system! What is there to learn? How to add zeros and move decimal points? How is that harder than remembering there are 5280 feet in a mile?

We are one of 3 countries that don't use it. I don't know what Liberia and Myanmar's excuse is.","1_1_1_1_2"
"7","https://www.reddit.com/r/inflation/comments/1bkomob/it_happened_folks_trade_joes_increases_their/","Stevecore444","2024-03-22",1711117678,6,6,0,0,"It pays off when you can get a monster onion thats about it lol","1_1_1_2"
"8","https://www.reddit.com/r/inflation/comments/1bkomob/it_happened_folks_trade_joes_increases_their/","timebandits411","2024-03-22",1711138319,1,1,0,0,"Lol","1_1_1_2_1"
"9","https://www.reddit.com/r/inflation/comments/1bkomob/it_happened_folks_trade_joes_increases_their/","FormerHoagie","2024-03-22",1711141814,1,1,0,0,"This, I go to another store to buy my produce,  I actually only go to TJ for snacks.  There is also an issue with the snacks I buy because there doesnt seem to be any quality control.  Sometimes they can taste completely different.  Ive also experienced rancid cashews and peanuts enough that I wont buy them again.","1_1_2"
"10","https://www.reddit.com/r/inflation/comments/1bkomob/it_happened_folks_trade_joes_increases_their/","Danymity831","2024-03-22",1711110157,-1,-1,0,0,"Flies and shit buzzing around at TJ's near me, you'd swear it was Walmart!","1_1_3"
"11","https://www.reddit.com/r/inflation/comments/1bkomob/it_happened_folks_trade_joes_increases_their/","sleeplessinseaatl","2024-03-22",1711122215,0,0,0,0,"Trade joes has been selling bananas for 19 cents for 25 years. This is a fact.","1_2"
"12","https://www.reddit.com/r/inflation/comments/1bkomob/it_happened_folks_trade_joes_increases_their/","inventionnerd","2024-03-22",1711122545,4,4,0,0,"The fuck? What's that gotta do with anything. I'm saying that's expensive as fuck. Anywhere else would have had THREE bananas for 19 cents 25 years ago. I'm saying the fact they could keep that same price for 25 years is cause their margins were huge to begin with. I literally still pay under 19 cents a banana now at other places lmao.","1_2_1"
"13","https://www.reddit.com/r/inflation/comments/1bkomob/it_happened_folks_trade_joes_increases_their/","SentenceAcrobatic","2024-03-22",1711137681,1,1,0,0,"Valid, if true, but you only need TWO bananas to make a banana daiquiri. THREE bananas is just too sweet.","1_2_1_1"
"14","https://www.reddit.com/r/inflation/comments/1bkomob/it_happened_folks_trade_joes_increases_their/","ScrewJPMC","2024-03-22",1711101091,-6,-6,0,0,"Sounds like a deal to me.","1_3"
"15","https://www.reddit.com/r/inflation/comments/1bkomob/it_happened_folks_trade_joes_increases_their/","inventionnerd","2024-03-22",1711106137,6,6,0,0,"Then you're the type of sucker they want at their store.","1_3_1"
"16","https://www.reddit.com/r/inflation/comments/1bkomob/it_happened_folks_trade_joes_increases_their/","HumbleAd5215","2024-03-22",1711119389,1,1,0,0,"I used to go to the TJs on Ohio St in Chicago (pricey area) and it was the only place downtown that sold bottled water at a reasonable price.  You could get a liter bottle for like 30 cents.","1_3_1_1"
"17","https://www.reddit.com/r/inflation/comments/1bkomob/it_happened_folks_trade_joes_increases_their/","ScrewJPMC","2024-03-22",1711107790,-1,-1,0,0,"Im pretty sure every single banana is imported.  Someone owns the ground, supports a family, tends the tress, packages, ships across a country, ships across the ocean, ships across the USA, and then the store still needs a profit.  

$0.30 sounds like a decent price at any store unless you are one of those people that think Brown Counties dont deserve a living wage for all the manual labor to grow and harvest >","1_3_1_2"
"18","https://www.reddit.com/r/inflation/comments/1bkomob/it_happened_folks_trade_joes_increases_their/","inventionnerd","2024-03-22",1711107918,2,2,0,0,"And yet every other store has em now for the price Trader Joe's had them for 25 years ago. And now Trader's price will be their price in 5 years from now. Has nothing to do with what you think wages would be. They're some of the costliest bananas in the market. That's not a deal.","1_3_1_2_1"
"19","https://www.reddit.com/r/inflation/comments/1bkomob/it_happened_folks_trade_joes_increases_their/","ScrewJPMC","2024-03-22",1711108036,2,2,0,0,"Insanely cheap everywhere; just not as cheap at traders.","1_3_1_2_1_1"
"20","https://www.reddit.com/r/inflation/comments/1bkomob/it_happened_folks_trade_joes_increases_their/","inventionnerd","2024-03-22",1711108090,0,0,0,0,"So bananas are just a good, cheap food that has a great price. I agree. Trader Joe's isn't a deal though.","1_3_1_2_1_1_1"
"21","https://www.reddit.com/r/inflation/comments/1bkomob/it_happened_folks_trade_joes_increases_their/","ScrewJPMC","2024-03-22",1711108147,1,1,0,0,"A steal at twice the price there and 3 times the price everywhere else.","1_3_1_2_1_1_1_1"
"22","https://www.reddit.com/r/inflation/comments/1bkomob/it_happened_folks_trade_joes_increases_their/","Fuck_Stain5000","2024-03-22",1711085589,34,34,0,0,"You're shopping at Trader Joe's while bitching about inflation?","2"
"23","https://www.reddit.com/r/inflation/comments/1bkomob/it_happened_folks_trade_joes_increases_their/","tombombadil_5","2024-03-22",1711106224,13,13,0,0,"Depends on your region. I shop at TJs in NYC because its actually cheaper than a local supermarket, but the same price as, say, a Midwest TJs lol","2_1"
"24","https://www.reddit.com/r/inflation/comments/1bkomob/it_happened_folks_trade_joes_increases_their/","Mana_noke","2024-03-22",1711127707,7,7,0,0,"This, lol idk wtf that comment is on about. TJ's is substantially cheaper than Save Mart, Food 4 Less, Smart &amp; Final, VONS/Safeway, and a bunch others I won't even mention because their prices are even more criminal.

I'd elect to shop at Aldi over TJs if a TJs wasn't a minute and a half drive away, as opposed to the 20 minutes to Aldi.

What kind of grocery stores does this guy know about?","2_1_1"
"25","https://www.reddit.com/r/inflation/comments/1bkomob/it_happened_folks_trade_joes_increases_their/","SpaceGator3000","2024-03-22",1711128905,5,5,0,0,"I got out of my way to go to Aldi. It's probably 1/3 the price of my local grocery store.","2_1_1_1"
"26","https://www.reddit.com/r/inflation/comments/1bkomob/it_happened_folks_trade_joes_increases_their/","longduckdong42069lol","2024-03-22",1711142708,1,1,0,0,"Can confirm.

My grocery bill at a TJ versus an HEB or a Walmart is the same thing for the same amount of food. 

I buy enough for 7x meals, some snacks each day, and lunches. Weekly. My breakfast is free because I have chickens. I get within $20 no matter which store I go to.

And honestly for most things except for some of the stuff from HEB, its much better quality too and alot of the imported stuff follows EU organic standards rather than faux-organic we have here. Non imported stuff may not, but seems to be a win for me most times.","2_1_1_2"
"27","https://www.reddit.com/r/inflation/comments/1bkomob/it_happened_folks_trade_joes_increases_their/","whoocanitbenow","2024-03-22",1711141589,1,1,0,0,"Trader Joe's is half the price of Safeway and Lucky's where I live.","2_1_2"
"28","https://www.reddit.com/r/inflation/comments/1bkomob/it_happened_folks_trade_joes_increases_their/","lXPROMETHEUSXl","2024-03-22",1711115071,7,7,0,0,"They think theres healthier stuff there too","2_2"
"29","https://www.reddit.com/r/inflation/comments/1bkomob/it_happened_folks_trade_joes_increases_their/","Intrepid-Metal4621","2024-03-22",1711123056,6,6,0,0,"I just started doing price comparisons and honestly there are a lot of things that are a value compared to other stores in the area.","2_3"
"30","https://www.reddit.com/r/inflation/comments/1bkomob/it_happened_folks_trade_joes_increases_their/","CharleyNobody","2024-03-22",1711126375,5,5,0,0,"Trader Joes is cheaper than supermarkets where I live on Long Island. So is Aldi, which was started by same family.

i dont eat bananas anyway","2_4"
"31","https://www.reddit.com/r/inflation/comments/1bkomob/it_happened_folks_trade_joes_increases_their/","CooLMaNZiLLa","2024-03-23",1711152268,1,1,0,0,"I agree that Aldi and Lidl are the cheaper options. Ive seen price discrepancies from these places depending on location.  Shopped at a Lidl  a few miles down the road from my usual one and noticed that prices were higher on lots of items. Milk and eggs were almost $2 more expensive for the same thing at the other store.  Same store, same items so whats the reasoning here?","2_4_1"
"32","https://www.reddit.com/r/inflation/comments/1bkomob/it_happened_folks_trade_joes_increases_their/","No_Cook2983","2024-03-22",1711126537,3,3,0,0,"I need a banana for scale.","2_5"
"33","https://www.reddit.com/r/inflation/comments/1bkomob/it_happened_folks_trade_joes_increases_their/","sleeplessinseaatl","2024-03-22",1711122172,5,5,0,0,"Hi this is OP. The post is not a complaint but an observation. There are some products sold by some companies that have not increased prices in more than 1 decade and these companies proudly market it. Inflation in the overall economy eventually made them increase prices.","2_6"
"34","https://www.reddit.com/r/inflation/comments/1bkomob/it_happened_folks_trade_joes_increases_their/","TravelAccordingly24","2024-03-22",1711115430,3,3,0,0,"Some places Tj is just as expensive as wf, other places it's a lot cheaper, just depends on where you are.","2_7"
"35","https://www.reddit.com/r/inflation/comments/1bkomob/it_happened_folks_trade_joes_increases_their/","The-Rev","2024-03-22",1711105161,1,1,0,0,"I see the same ridiculousness on the r/frugal sub. You don't get to complain when you're making bad choices.Â Â ","2_8"
"36","https://www.reddit.com/r/inflation/comments/1bkomob/it_happened_folks_trade_joes_increases_their/","Cool_Radish_7031","2024-03-22",1711105405,3,3,0,0,"Is it really that expensive? Never been usually stick to the grocery chains by me","2_8_1"
"37","https://www.reddit.com/r/inflation/comments/1bkomob/it_happened_folks_trade_joes_increases_their/","The-Rev","2024-03-22",1711105699,3,3,0,0,"Not necessarily expensive but far from being a valueÂ ","2_8_1_1"
"38","https://www.reddit.com/r/inflation/comments/1bkomob/it_happened_folks_trade_joes_increases_their/","Economy_Wall8524","2024-03-22",1711119046,2,2,0,0,"Its the diesel car of stores. You dont get to complain when you got the worst MPG vehicle. Then think you have a right to bitch about it.","2_8_1_1_1"
"39","https://www.reddit.com/r/inflation/comments/1bkomob/it_happened_folks_trade_joes_increases_their/","suckmynubs69","2024-03-22",1711121192,5,5,0,0,"wat

ELI5","2_8_1_1_1_1"
"40","https://www.reddit.com/r/inflation/comments/1bkomob/it_happened_folks_trade_joes_increases_their/","Great_Cow3547","2024-03-22",1711123121,3,3,0,0,"Are you suggesting a diesel vehicle gets worst MPG than an equivalent gasoline vehicle??","2_8_1_1_1_2"
"41","https://www.reddit.com/r/inflation/comments/1bkomob/it_happened_folks_trade_joes_increases_their/","m4r71n2010","2024-03-22",1711124485,3,3,0,0,"You do know an equivalent diesel car is more efficient than a petrol one","2_8_1_1_1_3"
"42","https://www.reddit.com/r/inflation/comments/1bkomob/it_happened_folks_trade_joes_increases_their/","The-Rev","2024-03-22",1711119233,-2,-2,0,0,"That's a really good comparisonÂ ","2_8_1_1_1_4"
"43","https://www.reddit.com/r/inflation/comments/1bkomob/it_happened_folks_trade_joes_increases_their/","Luvs2spooge89","2024-03-22",1711136035,0,0,0,0,"Except for the part where it is not.","2_8_1_1_1_4_1"
"44","https://www.reddit.com/r/inflation/comments/1bkomob/it_happened_folks_trade_joes_increases_their/","happycrisis","2024-03-22",1711127071,1,1,0,0,"Maybe not the case where you are, but the prices at trader joes here in the Cleveland Ohio area are really good. You spend way less going here than other supermarkets.","2_9"
"45","https://www.reddit.com/r/inflation/comments/1bkomob/it_happened_folks_trade_joes_increases_their/","jeremyw0405","2024-03-22",1711133379,1,1,0,0,"No this is Trade Joes","2_10"
"46","https://www.reddit.com/r/inflation/comments/1bkomob/it_happened_folks_trade_joes_increases_their/","Fuck_Stain5000","2024-03-22",1711143575,1,1,0,0,">#","2_10_1"
"47","https://www.reddit.com/r/inflation/comments/1bkomob/it_happened_folks_trade_joes_increases_their/","SketchSketchy","2024-03-22",1711116989,-1,-1,0,0,"Their eggs are cheaper than anywhere else.","2_11"
"48","https://www.reddit.com/r/inflation/comments/1bkomob/it_happened_folks_trade_joes_increases_their/","Safe-Application-144","2024-03-22",1711076529,7,7,0,0,"Lol.. I live in small town USA bananas 25 cents a lb.. brown bananas 10 cents a lb
Granted walmart is 60 miles away. Dollar general 40 miles.. I'll take small town any day","3"
"49","https://www.reddit.com/r/inflation/comments/1bkomob/it_happened_folks_trade_joes_increases_their/","WittyProfile","2024-03-22",1711090834,10,10,0,0,"You are soooo stupid if youre spending 23 cents for ONE BANNANA.","4"
"50","https://www.reddit.com/r/inflation/comments/1bkomob/it_happened_folks_trade_joes_increases_their/","gaukonigshofen","2024-03-22",1711103797,9,9,0,0,"You should see how much they charge for strawberries. They are getting to be as expensive or even more than whole foods","4_1"
"51","https://www.reddit.com/r/inflation/comments/1bkomob/it_happened_folks_trade_joes_increases_their/","sleeplessinseaatl","2024-03-22",1711122653,2,2,0,0,"Kroger sells them for 68 cents per pound. Overall, 23 cents per banana is cheaper than paying by pound. I am referring to large bananas.","4_2"
"52","https://www.reddit.com/r/inflation/comments/1bkomob/it_happened_folks_trade_joes_increases_their/","yikesonbikes1230","2024-03-22",1711123821,4,4,0,0,"Oh bless your heart","4_2_1"
"53","https://www.reddit.com/r/inflation/comments/1bkomob/it_happened_folks_trade_joes_increases_their/","WittyProfile","2024-03-22",1711130186,1,1,0,0,"lol what??? How big are these bananas??? Usually a pound of bananas is like 4 bananas.","4_2_2"
"54","https://www.reddit.com/r/inflation/comments/1bkomob/it_happened_folks_trade_joes_increases_their/","TheIVJackal","2024-03-22",1711131544,1,1,0,0,"They're right, it's why we always bought them at TJs too, it's cheaper when buying the large ones. But really, we're talking about pennies here, not really tipping the scales in the long run.","4_2_2_1"
"55","https://www.reddit.com/r/inflation/comments/1bkomob/it_happened_folks_trade_joes_increases_their/","sleeplessinseaatl","2024-03-22",1711132763,1,1,0,0,"A pound of bananas is not 4 bananas. Especially at Kroger. Weigh them yourself. You will be surprised.","4_2_2_2"
"56","https://www.reddit.com/r/inflation/comments/1bkomob/it_happened_folks_trade_joes_increases_their/","Gloxk_43X","2024-03-22",1711127735,2,2,0,0,"Bro my gas station was selling single bananas for fucking $1.20 a mf piece&If I go back there for gas Ill snap a pic.","4_3"
"57","https://www.reddit.com/r/inflation/comments/1bkomob/it_happened_folks_trade_joes_increases_their/","muzzynat","2024-03-22",1711076924,14,14,0,0,"It's a BANANA, Michael, how much could it cost?","5"
"58","https://www.reddit.com/r/inflation/comments/1bkomob/it_happened_folks_trade_joes_increases_their/","popeculture","2024-03-22",1711092962,6,6,0,0,"10$","5_1"
"59","https://www.reddit.com/r/inflation/comments/1bkomob/it_happened_folks_trade_joes_increases_their/","enleeten","2024-03-22",1711114455,3,3,0,0,"Best I can do","5_1_1"
"60","https://www.reddit.com/r/inflation/comments/1bkomob/it_happened_folks_trade_joes_increases_their/","Lazatttttaxxx","2024-03-22",1711083467,3,3,0,0,"Nice.","5_2"
"61","https://www.reddit.com/r/inflation/comments/1bkomob/it_happened_folks_trade_joes_increases_their/","Gh0st_Pirate_LeChuck","2024-03-22",1711091580,3,3,0,0,"Theres always money in the banana stand.","5_3"
"62","https://www.reddit.com/r/inflation/comments/1bkomob/it_happened_folks_trade_joes_increases_their/","bs2k2_point_0","2024-03-22",1711107531,5,5,0,0,"Just wait till you see how those bananas are ripened in the us.  I used to work for a wholesale grocer that did this.  Had a giant room to gas the bananas.

https://www.ncbi.nlm.nih.gov/pmc/articles/PMC6521425/","6"
"63","https://www.reddit.com/r/inflation/comments/1bkomob/it_happened_folks_trade_joes_increases_their/","mcalibluebees","2024-03-22",1711076322,3,3,0,0,"Nooo","7"
"64","https://www.reddit.com/r/inflation/comments/1bkomob/it_happened_folks_trade_joes_increases_their/","Tututaco74","2024-03-22",1711081801,3,3,0,0,"Damn dollar general charges 40 cent a banana.","8"
"65","https://www.reddit.com/r/inflation/comments/1bkomob/it_happened_folks_trade_joes_increases_their/","Rocky75617794","2024-03-22",1711088927,2,2,0,0,"Thats how they get ya","8_1"
"66","https://www.reddit.com/r/inflation/comments/1bkomob/it_happened_folks_trade_joes_increases_their/","Monkeypupper","2024-03-22",1711087783,3,3,0,0,"More than 20%!","9"
"67","https://www.reddit.com/r/inflation/comments/1bkomob/it_happened_folks_trade_joes_increases_their/","idratherbebitchin","2024-03-22",1711102160,2,2,0,0,"Fucking united fruit","10"
"68","https://www.reddit.com/r/inflation/comments/1bkomob/it_happened_folks_trade_joes_increases_their/","Fuzm4n","2024-03-22",1711107654,2,2,0,0,"Dang thats still cheaper than Target","11"
"69","https://www.reddit.com/r/inflation/comments/1bkomob/it_happened_folks_trade_joes_increases_their/","monkeywelder","2024-03-22",1711110776,2,2,0,0,"read up on the Banana Apocalypse.  Soon youll long for these prices.  As the world banana market collapses.","12"
"70","https://www.reddit.com/r/inflation/comments/1bkomob/it_happened_folks_trade_joes_increases_their/","MissMelines","2024-03-22",1711115750,2,2,0,0,"I always felt bananas were unreasonably cheap though.  Especially for the nutrition profile.  Just saying.","13"
"71","https://www.reddit.com/r/inflation/comments/1bkomob/it_happened_folks_trade_joes_increases_their/","Next-Tangerine3845","2024-03-22",1711117359,2,2,0,0,"You're just used to everything else being unreasonably expensive","13_1"
"72","https://www.reddit.com/r/inflation/comments/1bkomob/it_happened_folks_trade_joes_increases_their/","Mayor_Salvor_Hardin","2024-03-22",1711134216,1,1,0,0,"Bananas were cheaper, like other products like tomatoes, because the workers were paid dimes, but as the Fair Trade movement gets stronger, some products are getting more expensive. In Europe people were used to pay more because some of laws, national and EU, required some basic labor rights for workers. The same is happening to coffee, but not at the same level yet.","13_2"
"73","https://www.reddit.com/r/inflation/comments/1bkomob/it_happened_folks_trade_joes_increases_their/","MissMelines","2024-03-22",1711135847,1,1,0,0,"thanks for the insight.  I never thought about it much, do know about Fair Trade and that makes sense.  I figured they were just extremely abundant and relatively easy to harvest and ship compared to other fruits given they are in bunches like grapes and already in a protective wrapper (the peel).","13_2_1"
"74","https://www.reddit.com/r/inflation/comments/1bkomob/it_happened_folks_trade_joes_increases_their/","china_joe2","2024-03-22",1711125425,2,2,0,0,"I was pretty angry when i saw they raised their olive oil prices. Went from 5.99 to 6.99 to 7.99 relatively quick, now its 10.99.","14"
"75","https://www.reddit.com/r/inflation/comments/1bkomob/it_happened_folks_trade_joes_increases_their/","sleeplessinseaatl","2024-03-22",1711133481,2,2,0,0,"Olive oil prices are up globally because of drought in Spain and Italy.","14_1"
"76","https://www.reddit.com/r/inflation/comments/1bkomob/it_happened_folks_trade_joes_increases_their/","china_joe2","2024-03-22",1711133680,1,1,0,0,"Ah, that would explain the sudden $3 jump. Thank you.","14_1_1"
"77","https://www.reddit.com/r/inflation/comments/1bkomob/it_happened_folks_trade_joes_increases_their/","UnlikelyPotatos","2024-03-22",1711075107,6,6,0,0,"Are you implying Trader Joe's has changed the price of none of their goods in 25 years, or saying that they've been selling bananas for the same price that long?","15"
"78","https://www.reddit.com/r/inflation/comments/1bkomob/it_happened_folks_trade_joes_increases_their/","sleeplessinseaatl","2024-03-22",1711075970,19,19,0,0,"Just the bananas","15_1"
"79","https://www.reddit.com/r/inflation/comments/1bkomob/it_happened_folks_trade_joes_increases_their/","nieman23","2024-03-22",1711100236,2,2,0,0,"Daylight come and me wan' go home. Come, mister tally man, tally me banana.","16"
"80","https://www.reddit.com/r/inflation/comments/1bkomob/it_happened_folks_trade_joes_increases_their/","DifficultyWorried759","2024-03-22",1711086623,1,1,0,0,"Bruhh i just go to joe vs shop and get 3 pounds of bananas for a dollar.","17"
"81","https://www.reddit.com/r/inflation/comments/1bkomob/it_happened_folks_trade_joes_increases_their/","CapAccomplished8072","2024-03-22",1711112570,1,1,0,0,"Go to Kroger, much less expensive","18"
"82","https://www.reddit.com/r/inflation/comments/1bkomob/it_happened_folks_trade_joes_increases_their/","EffortEconomy","2024-03-22",1711114774,1,1,0,0,"Is it all that constitution is getting in the way?","19"
"83","https://www.reddit.com/r/inflation/comments/1bkomob/it_happened_folks_trade_joes_increases_their/","themothman99","2024-03-22",1711117384,1,1,0,0,"I keep getting told that inflation isn't a thing","20"
"84","https://www.reddit.com/r/inflation/comments/1bkomob/it_happened_folks_trade_joes_increases_their/","Spare_Case7529","2024-03-22",1711117699,2,2,0,0,"You think a 4 cent increase after 25 years is inflation?  Come on be serious","20_1"
"85","https://www.reddit.com/r/inflation/comments/1bkomob/it_happened_folks_trade_joes_increases_their/","themothman99","2024-03-22",1711120003,1,1,0,0,"What is it?","20_1_1"
"86","https://www.reddit.com/r/inflation/comments/1bkomob/it_happened_folks_trade_joes_increases_their/","Spare_Case7529","2024-03-22",1711141959,1,1,0,0,"Are you honestly being serious?","20_1_1_1"
"87","https://www.reddit.com/r/inflation/comments/1bkomob/it_happened_folks_trade_joes_increases_their/","themothman99","2024-03-22",1711143368,1,1,0,0,"Did I stutter?","20_1_1_1_1"
"88","https://www.reddit.com/r/inflation/comments/1bkomob/it_happened_folks_trade_joes_increases_their/","derekvinyard21","2024-03-22",1711124230,1,1,0,0,"Thank your local politicians for voting for omnibus spending bills!!!","21"
"89","https://www.reddit.com/r/inflation/comments/1bkomob/it_happened_folks_trade_joes_increases_their/","charly371","2024-03-22",1711128611,1,1,0,0,"transitory. it will go back very soon. just wait a little and don t complain. it is COVID/Russia fault:(","22"
"90","https://www.reddit.com/r/inflation/comments/1bkomob/it_happened_folks_trade_joes_increases_their/","AlaskaPsychonaut","2024-03-22",1711128862,1,1,0,0,"I've never been in Trader Joe's, they charge by the count not the weight? Thats strange to me.","23"
"91","https://www.reddit.com/r/inflation/comments/1bkomob/it_happened_folks_trade_joes_increases_their/","Chichis-Christ","2024-03-22",1711129216,1,1,0,0,"lol es shopping for produce at TJs and complaining about inflation","24"
"92","https://www.reddit.com/r/inflation/comments/1bkomob/it_happened_folks_trade_joes_increases_their/","Mysterious-Sugar-837","2024-03-22",1711129352,1,1,0,0,"Yall cry about anything =. Get your bread right","25"
"93","https://www.reddit.com/r/inflation/comments/1bkomob/it_happened_folks_trade_joes_increases_their/","DeezSunnynutz","2024-03-22",1711135137,1,1,0,0,"Its seems that all the grocery stores raised their prices this week.","26"
"94","https://www.reddit.com/r/inflation/comments/1bkomob/it_happened_folks_trade_joes_increases_their/","Longjumping-Put-9931","2024-03-22",1711138743,1,1,0,0,"It's a banana, Michael.  How much could it cost, $10?

This is Bluth-level deflation.","27"
"95","https://www.reddit.com/r/inflation/comments/1bkomob/it_happened_folks_trade_joes_increases_their/","whoocanitbenow","2024-03-22",1711141530,1,1,0,0,"It's funny I just got bananas there last night. =","28"
"96","https://www.reddit.com/r/inflation/comments/1bkomob/it_happened_folks_trade_joes_increases_their/","dnfnrheudks","2024-03-22",1711146484,1,1,0,0,"Bananas are one of those commodities that have always been incredibly underpriced. I was surprised it held up for this long at all. Even during the Covid years.","29"
"97","https://www.reddit.com/r/inflation/comments/1bkomob/it_happened_folks_trade_joes_increases_their/","blushngush","2024-03-22",1711075788,1,1,0,0,"I have been getting lots of damaged merchandise from them lately. It seems like everytime I shop there I end up with a product that isn't sealed properly and spoiled. I just opened a jar of tomato sauce to find that it was crusted around the top and spoiled.","30"
"98","https://www.reddit.com/r/inflation/comments/1bkomob/it_happened_folks_trade_joes_increases_their/","Mile_High_Man","2024-03-22",1711077177,3,3,0,0,"Yeah, their packaging is garbage for sure!","30_1"
"99","https://www.reddit.com/r/inflation/comments/1bkomob/it_happened_folks_trade_joes_increases_their/","heyjustsayin007","2024-03-22",1711088526,0,0,0,0,"Thanks a lot O-Biden","31"
"100","https://www.reddit.com/r/inflation/comments/1bkomob/it_happened_folks_trade_joes_increases_their/","DocSchmuck","2024-03-22",1711107814,0,0,0,0,"Bidenomics","32"
"101","https://www.reddit.com/r/inflation/comments/1bkomob/it_happened_folks_trade_joes_increases_their/","LT_Audio","2024-03-22",1711076643,0,0,0,0,"Probably not something I'd go bananas over...","33"
"102","https://www.reddit.com/r/inflation/comments/1bkomob/it_happened_folks_trade_joes_increases_their/","enleeten","2024-03-22",1711114410,0,0,0,0,"Traitor Joes","34"
"103","https://www.reddit.com/r/inflation/comments/1bkomob/it_happened_folks_trade_joes_increases_their/","harryballsonya2022","2024-03-22",1711114640,0,0,0,0,"https://preview.redd.it/gsxr53mb2wpc1.png?width=1125&amp;format=png&amp;auto=webp&amp;s=e1d83f6c0870b9388960624932fd32e6386c7e93","35"
"104","https://www.reddit.com/r/inflation/comments/1bkomob/it_happened_folks_trade_joes_increases_their/","Steak_Knight","2024-03-22",1711115412,0,0,0,0,"You pay per banana? Jesus Christ this subreddit&","36"
"105","https://www.reddit.com/r/inflation/comments/1bkomob/it_happened_folks_trade_joes_increases_their/","pbrassassin","2024-03-22",1711127628,0,0,0,0,"Thanks traitor joe","37"
"106","https://www.reddit.com/r/inflation/comments/1bkomob/it_happened_folks_trade_joes_increases_their/","Relevant_Campaign_79","2024-03-22",1711076741,-1,-1,0,0,"This is just the beginning yall. Soon its going to effect car prices, clothing, insurance, streaming services, and, more importantly, Arizona Tea drinks (used to be $0.99 cents). Oh the humanity =","38"
"107","https://www.reddit.com/r/inflation/comments/1bkomob/it_happened_folks_trade_joes_increases_their/","Neowynd101262","2024-03-22",1711095590,2,2,0,0,"The audacity to inflate the costco hotdog!","38_1"
"108","https://www.reddit.com/r/inflation/comments/1bkomob/it_happened_folks_trade_joes_increases_their/","bobbybouche81","2024-03-22",1711102853,-3,-3,0,0,"It's cunts like you who truly deserve whatever comes their way.","39"
"109","https://www.reddit.com/r/inflation/comments/1bkomob/it_happened_folks_trade_joes_increases_their/","Flokismom","2024-03-22",1711112867,1,1,0,0,"Okay =L thank you. Hahaha","39_1"
"110","https://www.reddit.com/r/inflation/comments/1bl3246/when_disneyland_opened_in_1955_the_cost_of/","gaukonigshofen","2024-03-22",1711129616,24,24,0,0,"I think you had to pay separately for each Ride","1"
"111","https://www.reddit.com/r/inflation/comments/1bl3246/when_disneyland_opened_in_1955_the_cost_of/","semicoloradonative","2024-03-22",1711137711,9,9,0,0,"You absolutely did have to pay per ride.  This is where the phrase ""E-Ticket"" comes from. Those were the best rides.","1_1"
"112","https://www.reddit.com/r/inflation/comments/1bl3246/when_disneyland_opened_in_1955_the_cost_of/","PepegaPiggy","2024-03-22",1711149079,3,3,0,0,"So, for a family of 4, youre looking at $44 a ride in todays money? Doesnt sound so cheap to me. And thats in 2022 dollars.","1_2"
"113","https://www.reddit.com/r/inflation/comments/1bl3246/when_disneyland_opened_in_1955_the_cost_of/","gaukonigshofen","2024-03-23",1711152622,1,1,0,0,"Makes you wonder if price like that, per ride, would  eliminate long lines?  Considering people already paying a lot just for park entrance and fast pass, probably not.","1_2_1"
"114","https://www.reddit.com/r/inflation/comments/1bl3246/when_disneyland_opened_in_1955_the_cost_of/","RunnerDavid","2024-03-22",1711127418,19,19,0,0,"I mean, it's not like we have to go.","2"
"115","https://www.reddit.com/r/inflation/comments/1bl3246/when_disneyland_opened_in_1955_the_cost_of/","Few_Huckleberry_2565","2024-03-22",1711128925,8,8,0,0,"How much was the food within the park , Im guessing you didnt have to pay to skip the queue either","3"
"116","https://www.reddit.com/r/inflation/comments/1bl3246/when_disneyland_opened_in_1955_the_cost_of/","UrbanGhost114","2024-03-22",1711147808,4,4,0,0,"You paid per ride.

Purchased a ticket book with tickets marked A through E, with E being premium rides.

This is where the term E - Ticket came from.","3_1"
"117","https://www.reddit.com/r/inflation/comments/1bl3246/when_disneyland_opened_in_1955_the_cost_of/","StamInBlack","2024-03-22",1711133278,3,3,0,0,"There was a per-ride charge in addition to that $1, up until 1982:

On June 20, 1981, Disneyland began offering the choice of a ticket book or an all-inclusive Passport, which offered unlimited use of the park attractions. By June 1982, the ticket books were phased out in favor of the Passport at both Disneyland and Magic Kingdom Park at Walt Disney World.","4"
"118","https://www.reddit.com/r/inflation/comments/1bl3246/when_disneyland_opened_in_1955_the_cost_of/","oldmanofportland","2024-03-22",1711127548,7,7,0,0,"Has Disneyland added any new rides since 1955, or is the experience exactly the same?","5"
"119","https://www.reddit.com/r/inflation/comments/1bl3246/when_disneyland_opened_in_1955_the_cost_of/","mrGeaRbOx","2024-03-22",1711130429,6,6,0,0,"Honest question though. Assume the park was the same size and had the same amount of rides it did on opening day. Are you legitimately telling me that you think they would be charging $11 in 2024?","5_1"
"120","https://www.reddit.com/r/inflation/comments/1bl3246/when_disneyland_opened_in_1955_the_cost_of/","semicoloradonative","2024-03-22",1711137897,3,3,0,0,"The park is not the same size. Toon Town is a whole new addition to the original. The park also ""crept"" outwards. Indiana Jones was not original ride, Splash Mountain, and even Pirate of the Caribbean wasn't original to the park. Here is the original map:

[https://mousemuseum.wordpress.com/2017/07/11/opening-day-disneyland-main-gate-map-1955/](https://mousemuseum.wordpress.com/2017/07/11/opening-day-disneyland-main-gate-map-1955/)","5_1_1"
"121","https://www.reddit.com/r/inflation/comments/1bl3246/when_disneyland_opened_in_1955_the_cost_of/","Jake0024","2024-03-22",1711145716,2,2,0,0,"If Disney hadn't grown at all since 1955, but the park was still open? None of us would have ever heard of it, but yeah if it was still open I'm sure it would be like $10-15 to go.","5_1_2"
"122","https://www.reddit.com/r/inflation/comments/1bl3246/when_disneyland_opened_in_1955_the_cost_of/","Skankhunt2042","2024-03-22",1711149849,2,2,0,0,"No... but there also wasn't the rediculous worldwode demand there is today. I think this has less to do with Disney trying to perpetually increase profits and more to do with their customers.

Similar to the wedding industry.  It's non-essential and there are infinitely cheaper options.  But people are overly interested in an idealized view of entertainment and their social media feeds.","5_1_3"
"123","https://www.reddit.com/r/inflation/comments/1bl3246/when_disneyland_opened_in_1955_the_cost_of/","semicoloradonative","2024-03-22",1711137905,3,3,0,0,"Original Map:

[https://mousemuseum.wordpress.com/2017/07/11/opening-day-disneyland-main-gate-map-1955/](https://mousemuseum.wordpress.com/2017/07/11/opening-day-disneyland-main-gate-map-1955/)","5_2"
"124","https://www.reddit.com/r/inflation/comments/1bl3246/when_disneyland_opened_in_1955_the_cost_of/","UrbanGhost114","2024-03-22",1711147911,1,1,0,0,"You purchased a ticket book that allowed access to rides based on the ""premium"" level of the ride.

The term ""E ticket"" comes from this, although now even that definition may have changed.","5_3"
"125","https://www.reddit.com/r/inflation/comments/1bl3246/when_disneyland_opened_in_1955_the_cost_of/","Ok-Panda-178","2024-03-22",1711128976,7,7,0,0,"This is a bad comparison, the product offered is not the same in 1955 and 2022","6"
"126","https://www.reddit.com/r/inflation/comments/1bl3246/when_disneyland_opened_in_1955_the_cost_of/","Heavy_Expression_323","2024-03-22",1711132417,3,3,0,0,"Yeah, the 1955 rides would be considered cheesy by todays standards.","6_1"
"127","https://www.reddit.com/r/inflation/comments/1bl3246/when_disneyland_opened_in_1955_the_cost_of/","MessagingMatters","2024-03-22",1711134172,2,2,0,0,"It's interesting, but this is a free market. Disneyland is not a utility. It's a form of entertainment that competes with many other forms of entertainment. Some of those other forms (sports events, concerts, etc.) have wildly high ticket, food and merchandise prices. If folks think the price is too high, they don't have to go.","7"
"128","https://www.reddit.com/r/inflation/comments/1bl3246/when_disneyland_opened_in_1955_the_cost_of/","Roll-tide-Mercury","2024-03-22",1711149075,2,2,0,0,"Yup and the attractions matched. Im not saying that the cost is in line today but the 11 dollars certainly is not!","8"
"129","https://www.reddit.com/r/inflation/comments/1bl3246/when_disneyland_opened_in_1955_the_cost_of/","Travmuney","2024-03-22",1711126585,6,6,0,0,"Cool story","9"
"130","https://www.reddit.com/r/inflation/comments/1bl3246/when_disneyland_opened_in_1955_the_cost_of/","netwolf420","2024-03-22",1711137341,1,1,0,0,"Well, to be fair, they have spent a lot to increase the experience from what it was then. So, reasonably, a ticket should cost more because the park is & more","10"
"131","https://www.reddit.com/r/inflation/comments/1bl3246/when_disneyland_opened_in_1955_the_cost_of/","UrbanGhost114","2024-03-22",1711148039,1,1,0,0,"You purchased a ticket book for additional money to gain access to rides.

It's called a Passport NOW because of the changes to this program in 1981. (You could purchase an all-access ""Passport"" for more money than a book, but it allowed more access to premium rides.)","10_1"
"132","https://www.reddit.com/r/inflation/comments/1bl3246/when_disneyland_opened_in_1955_the_cost_of/","Lost-in-EDH","2024-03-22",1711137858,1,1,0,0,"My family went like 3 times when we were kids, 4 of us kids.  In no way did we have a lot of money, two working class parents.  Don't think a family of six could really do it based on the same jobs my parents had.","11"
"133","https://www.reddit.com/r/inflation/comments/1bl3246/when_disneyland_opened_in_1955_the_cost_of/","CandaceSentMe","2024-03-22",1711143561,1,1,0,0,"Disney keeps pushing how expensive it is. And honestly, why shouldnt they? As long as suckers keep throwing as much money as they command theyll keep raising the price. Somebody from Disney already said that by raising the price they can try to control the crowd by keeping the less desirable people away.","12"
"134","https://www.reddit.com/r/inflation/comments/1bl3246/when_disneyland_opened_in_1955_the_cost_of/","UrbanGhost114","2024-03-22",1711148076,1,1,0,0,"It's used almost as a crowd control measure at this point.","12_1"
"135","https://www.reddit.com/r/inflation/comments/1bl3246/when_disneyland_opened_in_1955_the_cost_of/","Ok-Signature-4445","2024-03-22",1711147195,1,1,0,0,"Disneyland wouldn't be so bad if all the weird ass disney adults would stop going 2 times a week. 

The park is for kids.","13"
"136","https://www.reddit.com/r/inflation/comments/1bl3246/when_disneyland_opened_in_1955_the_cost_of/","Skankhunt2042","2024-03-22",1711149968,1,1,0,0,"If it were cheaper, it would be impossible to get tickets and  2nd hand markets would charge the same or even more.","14"
"137","https://www.reddit.com/r/inflation/comments/1bl3246/when_disneyland_opened_in_1955_the_cost_of/","xabc8910","2024-03-22",1711150995,1,1,0,0,"And it was like 1/20th of the size it is now. Not relevant at all.","15"
"138","https://www.reddit.com/r/inflation/comments/1bl3246/when_disneyland_opened_in_1955_the_cost_of/","postylambz","2024-03-22",1711141882,1,1,0,0,"(which is $100 adjusted for inflation in 2024)","16"
"139","https://www.reddit.com/r/inflation/comments/1bl7j6g/if_inflation_isnt_real_explain_this/","lebucksir","2024-03-22",1711135766,23,23,0,0,"If you havent seen the documentary Sour Grapes from 2016 you should watch it. Basically some guy made shit wine but faked like it was fancy with marketing and won a ton of taste awards. Pretty funny.","1"
"140","https://www.reddit.com/r/inflation/comments/1bl7j6g/if_inflation_isnt_real_explain_this/","chuckles21z","2024-03-22",1711138301,6,6,0,0,"So he purposefully made shitty wine, made it look fancy to troll? This reminds me of the episode of Penn and Teller's Bullshit where they give people fancy bottles of water saying the water is from a glacier or from France and are charging like $10 a bottle and all of the water is the same water from the LA water source from a garden hose.","1_1"
"141","https://www.reddit.com/r/inflation/comments/1bl7j6g/if_inflation_isnt_real_explain_this/","Content-Coffee-2719","2024-03-22",1711145633,2,2,0,0,"Ever go to a fancy restaurant where they show you the bottle, and let you sample the wine and shit? 

And you act like you know what you're doing? 

Meanwhile, the only thing I know about wine is that at family events, I drink the shit with the kangaroo on the bottle- to excess.","1_2"
"142","https://www.reddit.com/r/inflation/comments/1bl7j6g/if_inflation_isnt_real_explain_this/","lebucksir","2024-03-22",1711146431,1,1,0,0,"Free wine is the best flavor","1_2_1"
"143","https://www.reddit.com/r/inflation/comments/1bl7j6g/if_inflation_isnt_real_explain_this/","NRVOUSNSFW","2024-03-22",1711147814,1,1,0,0,"I have ONE friend I believe would know the difference. I know what I like but thats different than knowing whats good.","1_3"
"144","https://www.reddit.com/r/inflation/comments/1bl7j6g/if_inflation_isnt_real_explain_this/","W61_51XD_Goose","2024-03-22",1711150747,1,1,0,0,"That's not exactly what happened  but it's a goo docu. He was selling bottles of supposedly very rare collectors wines, but he forged the labels and re-used vintage bottles. He wasn't entering tasting competitions. Most of the bottles he sold were for investment purposes, like art, not for consuming.","1_4"
"145","https://www.reddit.com/r/inflation/comments/1bl7j6g/if_inflation_isnt_real_explain_this/","Dazzling_Answer2234","2024-03-22",1711142411,3,3,0,0,"=========","2"
"146","https://www.reddit.com/r/inflation/comments/1bl7j6g/if_inflation_isnt_real_explain_this/","Fictitious_Moniker","2024-03-22",1711142112,4,4,0,0,"Really good illustration!  Reminds me of people complaining that the average home is no longer affordable, ignoring the fact that the average home today is 25 to 50 percent bigger than it was 20 years ago, and now has granite countertops, 8 tons of air conditioning, one or two more bathrooms, etc etc.","3"
"147","https://www.reddit.com/r/inflation/comments/1bl7j6g/if_inflation_isnt_real_explain_this/","Intrepid-Metal4621","2024-03-22",1711137279,2,2,0,0,"Supply and demand.","4"
"148","https://www.reddit.com/r/inflation/comments/1bl7j6g/if_inflation_isnt_real_explain_this/","L00kDontT0uch","2024-03-22",1711139757,1,1,0,0,"I'm waiting for some of the Dom to trickle down your chin so I can get a kiss of wine =Â‹.","4_1"
"149","https://www.reddit.com/r/inflation/comments/1bl7j6g/if_inflation_isnt_real_explain_this/","coocoocachoo69","2024-03-22",1711137507,2,2,0,0,"Terrible example.  This doesn't track or hold any logic of any kind.","5"
"150","https://www.reddit.com/r/inflation/comments/1bl7j6g/if_inflation_isnt_real_explain_this/","PS3LOVE","2024-03-22",1711137899,9,9,0,0,"Thats the joke.","5_1"
"151","https://www.reddit.com/r/inflation/comments/1bl7j6g/if_inflation_isnt_real_explain_this/","IdidntrunIdidntrun","2024-03-22",1711139712,4,4,0,0,"Golly gee you're right. 

Look how much effort it takes to put each grape in my butt one by one...

Whereas the bottle has the convenience to be shaped perfectly to slide right in","5_2"
"152","https://www.reddit.com/r/inflation/comments/1bl7j6g/if_inflation_isnt_real_explain_this/","coocoocachoo69","2024-03-22",1711141499,1,1,0,0,"You actually made me chuckle.   Ty","5_2_1"
"153","https://www.reddit.com/r/inflation/comments/1bl7j6g/if_inflation_isnt_real_explain_this/","W61_51XD_Goose","2024-03-22",1711150841,1,1,0,0,"Yeah, we need more *Home Alone* memes stat!","5_3"
"154","https://www.reddit.com/r/inflation/comments/1bl7j6g/if_inflation_isnt_real_explain_this/","L00kDontT0uch","2024-03-22",1711139685,1,1,0,0,"The Greed!","6"
"155","https://www.reddit.com/r/inflation/comments/1bl7j6g/if_inflation_isnt_real_explain_this/","ddhmax5150","2024-03-22",1711140355,1,1,0,0,"Oh Yeahhhhh!!!! Priest Grape Punch.","7"
"156","https://www.reddit.com/r/inflation/comments/1bl7j6g/if_inflation_isnt_real_explain_this/","jonhon0","2024-03-22",1711140699,1,1,0,0,"Note to self: buy grapes, hold long","8"
"157","https://www.reddit.com/r/inflation/comments/1bl7j6g/if_inflation_isnt_real_explain_this/","HammunSy","2024-03-22",1711141233,1,1,0,0,"its their fault give me free grapes and a bottle of that","9"
"158","https://www.reddit.com/r/inflation/comments/1bl7j6g/if_inflation_isnt_real_explain_this/","Consistent_Ad_6195","2024-03-22",1711143309,1,1,0,0,"Who has ever told you that inflation isnt real?","10"
"159","https://www.reddit.com/r/inflation/comments/1bl7j6g/if_inflation_isnt_real_explain_this/","stankpuss_69","2024-03-22",1711143856,1,1,0,0,"Lmao thats why it says the same exact 16 oz of grapes

Its aged and delicious.","11"
"160","https://www.reddit.com/r/inflation/comments/1bl7j6g/if_inflation_isnt_real_explain_this/","BeerInTheRear","2024-03-22",1711144591,1,1,0,0,"""I saw a wino eating a bunch of grapes and I was like dude! You have to wait!""


RIP Mitch...","12"
"161","https://www.reddit.com/r/inflation/comments/1bl7j6g/if_inflation_isnt_real_explain_this/","dnfnrheudks","2024-03-22",1711145509,1,1,0,0,"math checks out","13"
"162","https://www.reddit.com/r/inflation/comments/1bl7j6g/if_inflation_isnt_real_explain_this/","vanderohe","2024-03-22",1711146628,1,1,0,0,"lol","14"
"163","https://www.reddit.com/r/inflation/comments/1bl7j6g/if_inflation_isnt_real_explain_this/","Jeremy-132","2024-03-22",1711151044,1,1,0,0,"Time is valuable.","15"
"164","https://www.reddit.com/r/inflation/comments/1bl59ai/how_much_could_two_eggs_cost_10_yes_actually/","MrDataMcGee","2024-03-22",1711132567,37,37,0,0,"I mean youre dumb for paying that for someone to cook your eggs lmao","1"
"165","https://www.reddit.com/r/inflation/comments/1bl59ai/how_much_could_two_eggs_cost_10_yes_actually/","BlueShift42","2024-03-22",1711145990,6,6,0,0,"Especially since eggs are easy to cook and I can almost always do a better job than a restaurant, especially for scrambled eggs.","1_1"
"166","https://www.reddit.com/r/inflation/comments/1bl59ai/how_much_could_two_eggs_cost_10_yes_actually/","TravelAccordingly24","2024-03-22",1711137613,-2,-2,0,0,"I think the person said in the description that they didn't buy them","1_2"
"167","https://www.reddit.com/r/inflation/comments/1bl59ai/how_much_could_two_eggs_cost_10_yes_actually/","Im_so_little","2024-03-22",1711141685,8,8,0,0,"Who is the person in the description, OP? Tell us!","1_2_1"
"168","https://www.reddit.com/r/inflation/comments/1bl59ai/how_much_could_two_eggs_cost_10_yes_actually/","TravelAccordingly24","2024-03-22",1711142217,0,0,0,0,"The person in the description said they didn't buy it","1_2_1_1"
"169","https://www.reddit.com/r/inflation/comments/1bl59ai/how_much_could_two_eggs_cost_10_yes_actually/","schabadoo","2024-03-22",1711149578,2,2,0,0,"Didn't you post this?","1_2_1_1_1"
"170","https://www.reddit.com/r/inflation/comments/1bl59ai/how_much_could_two_eggs_cost_10_yes_actually/","TravelAccordingly24","2024-03-22",1711149831,1,1,0,0,"I didn't buy it and I said that I didn't buy it and then I said that I said that I didn't buy it. I'm just being unserious about it lol not that deep","1_2_1_1_1_1"
"171","https://www.reddit.com/r/inflation/comments/1bl59ai/how_much_could_two_eggs_cost_10_yes_actually/","schabadoo","2024-03-22",1711150063,1,1,0,0,"There are other words than 'unserious' that seem more fitting.","1_2_1_1_1_1_1"
"172","https://www.reddit.com/r/inflation/comments/1bl59ai/how_much_could_two_eggs_cost_10_yes_actually/","TravelAccordingly24","2024-03-22",1711150489,1,1,0,0,"What are they","1_2_1_1_1_1_1_1"
"173","https://www.reddit.com/r/inflation/comments/1bl59ai/how_much_could_two_eggs_cost_10_yes_actually/","The-Cat-Dad","2024-03-22",1711150712,1,1,0,0,"Other ones","1_2_1_1_1_1_1_1_1"
"174","https://www.reddit.com/r/inflation/comments/1bl59ai/how_much_could_two_eggs_cost_10_yes_actually/","schabadoo","2024-03-22",1711150983,1,1,0,0,"Besides 'complete liar'?","1_2_1_1_1_1_1_1_2"
"175","https://www.reddit.com/r/inflation/comments/1bl59ai/how_much_could_two_eggs_cost_10_yes_actually/","TravelAccordingly24","2024-03-22",1711151306,1,1,0,0,"I didn't click on it bc I was buying something else for breakfast so I didn't know that you got two sides and a piece of bread with it. That's it. Just a good ol fashion mistake","1_2_1_1_1_1_1_1_2_1"
"176","https://www.reddit.com/r/inflation/comments/1bl59ai/how_much_could_two_eggs_cost_10_yes_actually/","SmarterThaYoo","2024-03-22",1711141612,7,7,0,0,"lol, did you forget you were the person who wrote it or did you forget that you didn't switch accounts before replying as if you didn't write it?

damn... like someone else said in other comments. OP is thirsty.","1_2_2"
"177","https://www.reddit.com/r/inflation/comments/1bl59ai/how_much_could_two_eggs_cost_10_yes_actually/","TravelAccordingly24","2024-03-22",1711142173,2,2,0,0,"Lol no I was just being an ass","1_2_2_1"
"178","https://www.reddit.com/r/inflation/comments/1bl59ai/how_much_could_two_eggs_cost_10_yes_actually/","Party-Evidence-9412","2024-03-22",1711135022,-9,-9,0,0,"OP made this up.  You can tell by the menu listing.  I just checked online.  People are weird","1_3"
"179","https://www.reddit.com/r/inflation/comments/1bl59ai/how_much_could_two_eggs_cost_10_yes_actually/","TravelAccordingly24","2024-03-22",1711137125,10,10,0,0,"https://preview.redd.it/1j1rgk07xxpc1.jpeg?width=1080&amp;format=pjpg&amp;auto=webp&amp;s=bc2345403f52b08fb482e0ff5e7db1c09b7b5954","1_3_1"
"180","https://www.reddit.com/r/inflation/comments/1bl59ai/how_much_could_two_eggs_cost_10_yes_actually/","Hamelzz","2024-03-22",1711143469,1,1,0,0,"Are you being a weirdo by lying about checking the listing online? >","1_3_2"
"181","https://www.reddit.com/r/inflation/comments/1bl59ai/how_much_could_two_eggs_cost_10_yes_actually/","Hokirob","2024-03-22",1711136466,13,13,0,0,"Their website has this under the 2 egg classic combos.

Combos served with 2 eggs any style plus a homemade biscuit.  Choose one:  hash browns, red potatoes, creamy grits, fresh fruit.

Deal?  Nah.  But there is more than just two eggs on a plate.","2"
"182","https://www.reddit.com/r/inflation/comments/1bl59ai/how_much_could_two_eggs_cost_10_yes_actually/","TravelAccordingly24","2024-03-22",1711137433,-5,-5,0,0,"This is true I messed that up cause I didn't click on it since I was getting something else my bad","2_1"
"183","https://www.reddit.com/r/inflation/comments/1bl59ai/how_much_could_two_eggs_cost_10_yes_actually/","Not_You_247","2024-03-22",1711138554,7,7,0,0,"So delete the post and stop spreading misinformation.","2_1_1"
"184","https://www.reddit.com/r/inflation/comments/1bl59ai/how_much_could_two_eggs_cost_10_yes_actually/","TravelAccordingly24","2024-03-22",1711141049,-5,-5,0,0,"I don't think this post is that serious it's about eggs","2_1_1_1"
"185","https://www.reddit.com/r/inflation/comments/1bl59ai/how_much_could_two_eggs_cost_10_yes_actually/","robotzor","2024-03-22",1711141501,8,8,0,0,"It's dragging a business through the mud unfairly on a site thousands will see it because an error you admitted to make it.

Still expensive but not outside the realm of possibility.","2_1_1_1_1"
"186","https://www.reddit.com/r/inflation/comments/1bl59ai/how_much_could_two_eggs_cost_10_yes_actually/","TravelAccordingly24","2024-03-22",1711142355,1,1,0,0,"$10 for two eggs and hash browns or grits is still expensive. I think they'll be OK I don't think they'll go under bc of this =O","2_1_1_1_1_1"
"187","https://www.reddit.com/r/inflation/comments/1bl59ai/how_much_could_two_eggs_cost_10_yes_actually/","DeliberateDonkey","2024-03-22",1711146880,2,2,0,0,"Don't forget the biscuit.","2_1_1_1_1_1_1"
"188","https://www.reddit.com/r/inflation/comments/1bl59ai/how_much_could_two_eggs_cost_10_yes_actually/","Individual_Corner430","2024-03-22",1711146425,2,2,0,0,"It is VERY harmful for a business trying to make a living","2_1_1_1_2"
"189","https://www.reddit.com/r/inflation/comments/1bl59ai/how_much_could_two_eggs_cost_10_yes_actually/","TravelAccordingly24","2024-03-22",1711147017,1,1,0,0,"I will pray for them during their trying time","2_1_1_1_2_1"
"190","https://www.reddit.com/r/inflation/comments/1bl59ai/how_much_could_two_eggs_cost_10_yes_actually/","Not_You_247","2024-03-22",1711141401,1,1,0,0,"It's blatant lies you cuck","2_1_1_1_3"
"191","https://www.reddit.com/r/inflation/comments/1bl59ai/how_much_could_two_eggs_cost_10_yes_actually/","TravelAccordingly24","2024-03-22",1711142481,0,0,0,0,"It's not a lie it's right there in the picture and the correction is right here in the comments","2_1_1_1_3_1"
"192","https://www.reddit.com/r/inflation/comments/1bl59ai/how_much_could_two_eggs_cost_10_yes_actually/","Not_You_247","2024-03-22",1711143593,2,2,0,0,"It's blatant lies.","2_1_1_1_3_1_1"
"193","https://www.reddit.com/r/inflation/comments/1bl59ai/how_much_could_two_eggs_cost_10_yes_actually/","Longjumping-Put-9931","2024-03-23",1711152986,1,1,0,0,"When shown to be dishonest, you show no regard for honesty, that is the point where it goes from dishonesty ro lies.

You don't even have to delete the post.  You could edit the post to add context, but you do not because that would not serve your preferred narrative.

Also, I bet you ordered something even more expensive, participating in what you perceive to be problematic.  You de-legitimize your own concern, and when confronted with your dishonesty, you dismiss the whole thing as ""not serious.""  That's the only true thing you have said: your concerns are not serious, as evidenced by the fact that you can afford that you can afford to dine at a nice restaurant and probably paid more than the price of the item you were complaining about.","2_1_1_1_3_1_2"
"194","https://www.reddit.com/r/inflation/comments/1bl59ai/how_much_could_two_eggs_cost_10_yes_actually/","TravelAccordingly24","2024-03-23",1711153334,1,1,0,0,"You can't prove the knowledge I had when I posted it. It's just an opinion of yours that me editing or deleting the post would prove I didn't know. Those things don't correlate. I didn't know and I'm leaving it unedited.","2_1_1_1_3_1_2_1"
"195","https://www.reddit.com/r/inflation/comments/1bl59ai/how_much_could_two_eggs_cost_10_yes_actually/","Longjumping-Put-9931","2024-03-23",1711153432,1,1,0,0,"If you leave it unedited, then you are being intentionally dishonest.","2_1_1_1_3_1_2_1_1"
"196","https://www.reddit.com/r/inflation/comments/1bl59ai/how_much_could_two_eggs_cost_10_yes_actually/","atmosphericfractals","2024-03-22",1711131796,13,13,0,0,"I don't know if you would call that inflation, this is a restaurant? 

I get a dozen eggs for like $3 at my local farm","3"
"197","https://www.reddit.com/r/inflation/comments/1bl59ai/how_much_could_two_eggs_cost_10_yes_actually/","Visual_Fig9663","2024-03-22",1711136609,18,18,0,0,"This sub isn't about inflation. It's about finding the most expensive food item you can find and posting it.","3_1"
"198","https://www.reddit.com/r/inflation/comments/1bl59ai/how_much_could_two_eggs_cost_10_yes_actually/","FanAdministrative885","2024-03-22",1711135007,3,3,0,0,"Yea, thats price gouging","3_2"
"199","https://www.reddit.com/r/inflation/comments/1bl59ai/how_much_could_two_eggs_cost_10_yes_actually/","pgnshgn","2024-03-22",1711142721,2,2,0,0,"It's the combo. It includes a mountain of hash browns, cup of fruit, and biscuits or toast. I'm still not going to pay that, but that $9.99 will legitimately be a hefty breakfast","3_2_1"
"200","https://www.reddit.com/r/inflation/comments/1bl59ai/how_much_could_two_eggs_cost_10_yes_actually/","TravelAccordingly24","2024-03-22",1711144703,1,1,0,0,"https://preview.redd.it/3epvbe9qjypc1.jpeg?width=1080&amp;format=pjpg&amp;auto=webp&amp;s=123379632baf6676104d279586d0e99892d9187e","3_2_1_1"
"201","https://www.reddit.com/r/inflation/comments/1bl59ai/how_much_could_two_eggs_cost_10_yes_actually/","DwarvenRedshirt","2024-03-22",1711130201,5,5,0,0,"While it's definitely higher than past years, it should also include a biscuit and hashbrowns or other side (ie. it's not just 2 eggs), and their plates are large (so a lot of hashbrowns, at least in the restaurant).  I'm assuming the amount for the online order is the same, and that the in restaurant cost is a bit less, since you're not paying the 4% packaging fees.","4"
"202","https://www.reddit.com/r/inflation/comments/1bl59ai/how_much_could_two_eggs_cost_10_yes_actually/","MeTieDoughtyWalker","2024-03-22",1711132427,5,5,0,0,"Dont think this qualifies because eggs in general do not cost that much. Its just that restaurant charging a lot. Plus, sides and toast and whatnot could be involved in that price as well.","5"
"203","https://www.reddit.com/r/inflation/comments/1bl59ai/how_much_could_two_eggs_cost_10_yes_actually/","Bulky_Exercise8936","2024-03-22",1711134600,3,3,0,0,"Inflation is always super high if you're a complete idiot. How's that saying go? A fool and his money are soon parted. Who goes to a restaurant to get two eggs? Takes 4 minutes to cook some eggs at home.","6"
"204","https://www.reddit.com/r/inflation/comments/1bl59ai/how_much_could_two_eggs_cost_10_yes_actually/","Visual_Fig9663","2024-03-22",1711136708,4,4,0,0,"OP is purposely not posting a link and showing a tiny, edited screenshot to make it look worse than it is because upvotes give them a small dopamine hit and they are addicted. 

Pathetic.","7"
"205","https://www.reddit.com/r/inflation/comments/1bl59ai/how_much_could_two_eggs_cost_10_yes_actually/","TravelAccordingly24","2024-03-22",1711137398,-1,-1,0,0,"https://preview.redd.it/uof65ib0yxpc1.jpeg?width=1080&amp;format=pjpg&amp;auto=webp&amp;s=19ff8a90d933185239c4021863c47057bcff146d

What else?","7_1"
"206","https://www.reddit.com/r/inflation/comments/1bl59ai/how_much_could_two_eggs_cost_10_yes_actually/","Visual_Fig9663","2024-03-22",1711146804,3,3,0,0,"Still not showing everything that come with the eggs for $10. Nice try. Just admit it, you get more than just 2 eggs for that price but showing everything that you get for $10 makes the price look more reasonable, so you're excluding it for more upvotes.

I'll say it again. Pathetic.","7_1_1"
"207","https://www.reddit.com/r/inflation/comments/1bl59ai/how_much_could_two_eggs_cost_10_yes_actually/","TravelAccordingly24","2024-03-22",1711147156,0,0,0,0,"I've described it in other comments but I'll do it again just for you bc I love you and I want us to be ok

I didn't click on it bc I was getting something else for breakfast so I didn't know it came with a side as well. That's it, that's the drama not as deep as you wanted it to be im sorry for that","7_1_1_1"
"208","https://www.reddit.com/r/inflation/comments/1bl59ai/how_much_could_two_eggs_cost_10_yes_actually/","Visual_Fig9663","2024-03-22",1711147296,3,3,0,0,"Haha, not falling for you're poor excuses. You keep lying. You know exactly what comes with the eggs and it doesn't fit your agenda so you're not posting it. It's plain as day.","7_1_1_1_1"
"209","https://www.reddit.com/r/inflation/comments/1bl59ai/how_much_could_two_eggs_cost_10_yes_actually/","TravelAccordingly24","2024-03-22",1711147668,0,0,0,0,"If you could boil reddit down to just one comment yours would be IT","7_1_1_1_1_1"
"210","https://www.reddit.com/r/inflation/comments/1bl59ai/how_much_could_two_eggs_cost_10_yes_actually/","Visual_Fig9663","2024-03-22",1711147726,3,3,0,0,"If I could boil pathetic desperate attempts for upvotes to just one post your would be IT","7_1_1_1_1_1_1"
"211","https://www.reddit.com/r/inflation/comments/1bl59ai/how_much_could_two_eggs_cost_10_yes_actually/","TravelAccordingly24","2024-03-22",1711147817,0,0,0,0,"I would love to meet you in person one day, you know as a little treat","7_1_1_1_1_1_1_1"
"212","https://www.reddit.com/r/inflation/comments/1bl59ai/how_much_could_two_eggs_cost_10_yes_actually/","Visual_Fig9663","2024-03-22",1711147999,2,2,0,0,"Lmao see now it's even more obvious you lyin for upvotes. Look how angry you are. No matter what you say can't change the facts bro.","7_1_1_1_1_1_1_1_1"
"213","https://www.reddit.com/r/inflation/comments/1bl59ai/how_much_could_two_eggs_cost_10_yes_actually/","TravelAccordingly24","2024-03-22",1711149023,0,0,0,0,"What are the facts lol","7_1_1_1_1_1_1_1_1_1"
"214","https://www.reddit.com/r/inflation/comments/1bl59ai/how_much_could_two_eggs_cost_10_yes_actually/","Party-Evidence-9412","2024-03-22",1711134986,5,5,0,0,"Fraud.  Could tell by the menu item....Just checked Big Bear Diner menu.  You can get two eggs, two pieces of meat (bacon, ham or links) two pancakes for $11.99.  Very fair... Things are bad enough. No need to make stuff up and fraud businesses","8"
"215","https://www.reddit.com/r/inflation/comments/1bl59ai/how_much_could_two_eggs_cost_10_yes_actually/","TravelAccordingly24","2024-03-22",1711137257,1,1,0,0,"https://preview.redd.it/uw1b3g7lxxpc1.jpeg?width=1080&amp;format=pjpg&amp;auto=webp&amp;s=511f92ee185ae0d0db83fa0bafe0e6da26cf1bfc

It does include a side I just didn't notice bc I scrolled past it without clicking on it my bad but it's still kinda a lot for two eggs and hash browns","8_1"
"216","https://www.reddit.com/r/inflation/comments/1bl59ai/how_much_could_two_eggs_cost_10_yes_actually/","Party-Evidence-9412","2024-03-22",1711137772,2,2,0,0,"That's a better image.  Guess they don't want to fuck with that order.  The rest of the items are about the same price as local spots here in Daytona Beach, FL - and we aren't what you'd call a fancy place","8_1_1"
"217","https://www.reddit.com/r/inflation/comments/1bl59ai/how_much_could_two_eggs_cost_10_yes_actually/","Not_You_247","2024-03-22",1711138508,2,2,0,0,"This is just rage bait, 2 eggs by themselves is just $2.49, OP is posting the price for a 2 egg combo which includes a side and toast.

[Menu](https://food.google.com/chooseprovider?restaurantId=/g/11tft2h7kq&amp;g2lbs=AIQllVy_BeklLEF1ftn3SXPRY6utr1JxozLUo1Vk3XVYaTe_e3u6unuxgqN8DKw0_BMo_DwayEdPAAZfJwhFjuCWEgEhQuVtK6mopjsn-HvgStNt_UyTrLc%3D&amp;hl=en-US&amp;gl=us&amp;ssta=1&amp;fo_m=MfohQo559jFvMUOzJVpjPL1YMfZ3bInYwBDuMfaXTPp5KXh-&amp;gei=Eeb9ZZjnFd3R0PEPur2ZmAg&amp;ei=Eeb9ZZjnFd3R0PEPur2ZmAg&amp;fo_s=OA&amp;opi=89978449&amp;orderType=2&amp;sei=CVBazDaOFVCqEZg7d7AHIGaW&amp;utm_campaign&amp;utm_source=search)","9"
"218","https://www.reddit.com/r/inflation/comments/1bl59ai/how_much_could_two_eggs_cost_10_yes_actually/","TravelAccordingly24","2024-03-22",1711140911,1,1,0,0,"Not rage bait I just didn't click on it to see you got sides but the internet has never heard of an honest mistake","9_1"
"219","https://www.reddit.com/r/inflation/comments/1bl59ai/how_much_could_two_eggs_cost_10_yes_actually/","Not_You_247","2024-03-22",1711141370,3,3,0,0,"If it was an honest mistake you would delete the post, you are farming for rage bait.","9_1_1"
"220","https://www.reddit.com/r/inflation/comments/1bl59ai/how_much_could_two_eggs_cost_10_yes_actually/","TravelAccordingly24","2024-03-22",1711142397,0,0,0,0,"$10 for two eggs and hash browns is still expensive","9_1_1_1"
"221","https://www.reddit.com/r/inflation/comments/1bl59ai/how_much_could_two_eggs_cost_10_yes_actually/","Not_You_247","2024-03-22",1711143542,3,3,0,0,"And toast, but clearly reading comprehension isn't your thing.","9_1_1_1_1"
"222","https://www.reddit.com/r/inflation/comments/1bl59ai/how_much_could_two_eggs_cost_10_yes_actually/","TravelAccordingly24","2024-03-22",1711143630,0,0,0,0,"Who eats the toast?","9_1_1_1_1_1"
"223","https://www.reddit.com/r/inflation/comments/1bl59ai/how_much_could_two_eggs_cost_10_yes_actually/","coocoocachoo69","2024-03-22",1711141915,2,2,0,0,"There's a difference between inflation and being dumb with your money.","10"
"224","https://www.reddit.com/r/inflation/comments/1bl59ai/how_much_could_two_eggs_cost_10_yes_actually/","Individual_Corner430","2024-03-22",1711146225,2,2,0,0,"This post is major BS just checked the website and 2 eggs any style are 2.99","11"
"225","https://www.reddit.com/r/inflation/comments/1bl59ai/how_much_could_two_eggs_cost_10_yes_actually/","TravelAccordingly24","2024-03-22",1711147384,1,1,0,0,"It's bc I didn't click on it so I didn't know it came with a side and a piece of bread. I was wrong, my stoning is tomorrow 3pm MDT hope you can make it","11_1"
"226","https://www.reddit.com/r/inflation/comments/1bl59ai/how_much_could_two_eggs_cost_10_yes_actually/","Individual_Corner430","2024-03-22",1711147951,2,2,0,0,"Yup so quick to bitch about something you dont look at it first.    Smh","11_1_1"
"227","https://www.reddit.com/r/inflation/comments/1bl59ai/how_much_could_two_eggs_cost_10_yes_actually/","TravelAccordingly24","2024-03-22",1711148420,1,1,0,0,"Good thing reddit is full of reasonable and loving people who understand people make mistakes","11_1_1_1"
"228","https://www.reddit.com/r/inflation/comments/1bl59ai/how_much_could_two_eggs_cost_10_yes_actually/","manIDKbruh","2024-03-22",1711148211,2,2,0,0,"Yeah, and there are hundred dollar T-shirts, the trick is to not buy them. I get inflation is biting us all in the ass, but if youre in the market of paying someone to cook two eggs for you, you can fuck off with your sob story","12"
"229","https://www.reddit.com/r/inflation/comments/1bl59ai/how_much_could_two_eggs_cost_10_yes_actually/","Visible-Tea-6288","2024-03-22",1711132649,1,1,0,0,"How about Stuckey's in the mid and late 70's? 2 eggs, home fries and toast for 99Â¢. How could you beat that.","13"
"230","https://www.reddit.com/r/inflation/comments/1bl59ai/how_much_could_two_eggs_cost_10_yes_actually/","Olympus_Scout","2024-03-22",1711136151,1,1,0,0,"I could buy 3 dozen eggs for that price","14"
"231","https://www.reddit.com/r/inflation/comments/1bl59ai/how_much_could_two_eggs_cost_10_yes_actually/","Substantial_Half838","2024-03-22",1711138429,1,1,0,0,"Two eggs cost what $.25 cents an egg. I guess if you want to pay someone $9.74 to cook you two eggs at their place go for it. Don't forget to tip you waiter 20%","15"
"232","https://www.reddit.com/r/inflation/comments/1bl59ai/how_much_could_two_eggs_cost_10_yes_actually/","Not_You_247","2024-03-22",1711139093,1,1,0,0,"OP is posting the price for a 2 egg combo without meat, which still includes a side and toast. Two eggs alone are only $2.49.","15_1"
"233","https://www.reddit.com/r/inflation/comments/1bl59ai/how_much_could_two_eggs_cost_10_yes_actually/","NBTMtaco","2024-03-22",1711142378,1,1,0,0,"Or, 10Â¢ a piece for organic.

Vote with your dollars.
Show the corporate thugs youre not playing their game.","16"
"234","https://www.reddit.com/r/inflation/comments/1bl59ai/how_much_could_two_eggs_cost_10_yes_actually/","javabean808","2024-03-22",1711144278,1,1,0,0,"bye","17"
"235","https://www.reddit.com/r/inflation/comments/1bl59ai/how_much_could_two_eggs_cost_10_yes_actually/","tonedef805","2024-03-22",1711147802,1,1,0,0,"Make my nephew an egg.","18"
"236","https://www.reddit.com/r/inflation/comments/1bl59ai/how_much_could_two_eggs_cost_10_yes_actually/","Wonderful-Victory947","2024-03-22",1711148003,1,1,0,0,"Let me go out to the chicken coop and grab you a couple of eggs. I will even throw in a few extra. Crazy","19"
"237","https://www.reddit.com/r/inflation/comments/1bl59ai/how_much_could_two_eggs_cost_10_yes_actually/","Longjumping-Put-9931","2024-03-22",1711151949,1,1,0,0,"Probably served with hashbrowns and toast.  Also, you're paying for the service","20"
"238","https://www.reddit.com/r/inflation/comments/1bl59ai/how_much_could_two_eggs_cost_10_yes_actually/","TravelAccordingly24","2024-03-23",1711152660,1,1,0,0,"It is served with hash browns and toast! I just didn't know that at the time but now I do","20_1"
"239","https://www.reddit.com/r/inflation/comments/1bl59ai/how_much_could_two_eggs_cost_10_yes_actually/","leli_manning","2024-03-23",1711152456,1,1,0,0,"&gt; cook it your way

Ask for truffles, gold flakes, caviar, and a side of blowjob for that price.","21"
"240","https://www.reddit.com/r/inflation/comments/1bl59ai/how_much_could_two_eggs_cost_10_yes_actually/","lhorwinkle","2024-03-22",1711149471,0,0,0,0,"At our favorite diner I get an enormous omelette, pierogies, and toast for $14.

But two eggs for $10 at the Black Bear diner? They can shove them up the black bear's a$$.","22"
"241","https://www.reddit.com/r/inflation/comments/1bl59ai/how_much_could_two_eggs_cost_10_yes_actually/","schabadoo","2024-03-22",1711149777,2,2,0,0,"Bear in mind that OP is a liar.","22_1"
"242","https://www.reddit.com/r/inflation/comments/1bl59ai/how_much_could_two_eggs_cost_10_yes_actually/","jammu2","2024-03-22",1711134742,0,0,0,0,"Yeah it's kinda weird. I guess they want a $10 min order which seems reasonable for a sit down place in 2024.

https://preview.redd.it/ctz102t3qxpc1.png?width=1152&amp;format=pjpg&amp;auto=webp&amp;s=f26848ed402386662797e4f6dfbb1089f39ef28b","23"
"243","https://www.reddit.com/r/inflation/comments/1bl59ai/how_much_could_two_eggs_cost_10_yes_actually/","Party-Evidence-9412","2024-03-22",1711135064,3,3,0,0,"OP is thirsty as hell","23_1"
"244","https://www.reddit.com/r/inflation/comments/1bl59ai/how_much_could_two_eggs_cost_10_yes_actually/","TravelAccordingly24","2024-03-22",1711137284,2,2,0,0,"https://preview.redd.it/l7kvdvrvxxpc1.jpeg?width=1080&amp;format=pjpg&amp;auto=webp&amp;s=374b60532a372720d98a9941fe4071632b77e3d8","23_1_1"
"245","https://www.reddit.com/r/inflation/comments/1bl59ai/how_much_could_two_eggs_cost_10_yes_actually/","Lost-in-EDH","2024-03-22",1711139211,0,0,0,0,"How much if they cook them their way?","24"
"246","https://www.reddit.com/r/inflation/comments/1bl59ai/how_much_could_two_eggs_cost_10_yes_actually/","ScottShatter","2024-03-22",1711143681,-2,-2,0,0,"$60 a dozen yo!","25"
"247","https://www.reddit.com/r/inflation/comments/1blcncs/mcnuggets_over_a_dollar_each/","cascaderade","2024-03-22",1711149195,40,40,0,0,"the only solution is to just stop buying things at these prices","1"
"248","https://www.reddit.com/r/inflation/comments/1blcncs/mcnuggets_over_a_dollar_each/","ANIBMD","2024-03-23",1711152802,1,1,0,0,"Americans are NEVER going to do that. They're lazy, entitled and demand convenience. Most people that eat McDonalds will pay $20 for a ten piece nugget. I hope these places continue to raise prices. People need to learn the hard way.","1_1"
"249","https://www.reddit.com/r/inflation/comments/1blcncs/mcnuggets_over_a_dollar_each/","NCRaineman","2024-03-23",1711153073,1,1,0,0,"They will if job losses continue. All the full-time jobs gained between February and November 2023 have been erased, and the downward trend continues.","1_1_1"
"250","https://www.reddit.com/r/inflation/comments/1blcncs/mcnuggets_over_a_dollar_each/","D-rock240","2024-03-23",1711153113,1,1,0,0,"This receipt is from Canada.....","1_1_2"
"251","https://www.reddit.com/r/inflation/comments/1blcncs/mcnuggets_over_a_dollar_each/","Starbuckz8","2024-03-23",1711153134,1,1,0,0,"The picture is from Canada though...","1_1_3"
"252","https://www.reddit.com/r/inflation/comments/1blcncs/mcnuggets_over_a_dollar_each/","EfficientAd7103","2024-03-23",1711153456,1,1,0,0,"That is Canada though.. Look at the receipt","1_1_4"
"253","https://www.reddit.com/r/inflation/comments/1blcncs/mcnuggets_over_a_dollar_each/","starofthetea","2024-03-23",1711152660,1,1,0,0,"The problem is this is still the best deal around","1_2"
"254","https://www.reddit.com/r/inflation/comments/1blcncs/mcnuggets_over_a_dollar_each/","Elephlump","2024-03-23",1711152716,1,1,0,0,"No, it's not.","1_2_1"
"255","https://www.reddit.com/r/inflation/comments/1blcncs/mcnuggets_over_a_dollar_each/","starofthetea","2024-03-23",1711153593,1,1,0,0,"Find a better value then and enjoy it","1_2_1_1"
"256","https://www.reddit.com/r/inflation/comments/1blcncs/mcnuggets_over_a_dollar_each/","bambaclaaat","2024-03-22",1711149820,-7,-7,0,0,"True, but if its the cheapest out of all the options for someone on the brink of starvation then theyll keep buying it","1_3"
"257","https://www.reddit.com/r/inflation/comments/1blcncs/mcnuggets_over_a_dollar_each/","GilgameDistance","2024-03-22",1711150625,1,1,0,0,"I just paid $9 for a full size handmade deli sandwich at a local bakery for lunch today.  

Im having the other half for lunch tomorrow. Half was more food than these, cost less, tasted better and was better for me. 

The half sandwich was $6.49, if I wasnt looking to save half for later. There are better and even cheaper options out there.","1_3_1"
"258","https://www.reddit.com/r/inflation/comments/1blcncs/mcnuggets_over_a_dollar_each/","nonstickpotts","2024-03-22",1711151515,1,1,0,0,"How is that the cheapest of all the options? A frozen bag of nuggets at Walmart is $5.97. Has about 50 nuggets inside. That's about $0.12 a nugget.","1_3_2"
"259","https://www.reddit.com/r/inflation/comments/1blcncs/mcnuggets_over_a_dollar_each/","iliketohideinbushes","2024-03-22",1711151900,1,1,0,0,"people need to learn how to buy in bulk for multiple meals, or to just get ingredients and make / freeze it yourself for later

i think the skill has just been somewhat lost in the usa's period of golden wealth, but will need to return","1_3_2_1"
"260","https://www.reddit.com/r/inflation/comments/1blcncs/mcnuggets_over_a_dollar_each/","photoguy8008","2024-03-23",1711152452,1,1,0,0,"And to cook as well","1_3_2_1_1"
"261","https://www.reddit.com/r/inflation/comments/1blcncs/mcnuggets_over_a_dollar_each/","nonstickpotts","2024-03-23",1711152574,1,1,0,0,"Yup I've been discovering the joys of buying ingredients and making things I would buy at fast food restaurants myself. Usually I can make them better and cheaper. Make a bunch at one time. Freeze them. Then I just thaw it out in the fridge overnight before I want to eat one. I guess it takes a little time and effort, but it saves a lot of money, tastes better and is healthier.","1_3_2_1_2"
"262","https://www.reddit.com/r/inflation/comments/1blcncs/mcnuggets_over_a_dollar_each/","leli_manning","2024-03-23",1711152228,1,1,0,0,"I can't tell if OP is ragebaiting or just really this clueless. Maybe he's never done grocery shopping before.","1_3_2_2"
"263","https://www.reddit.com/r/inflation/comments/1blcncs/mcnuggets_over_a_dollar_each/","maccorf","2024-03-23",1711152305,1,1,0,0,"I believe there are a lot of people who actually think like them though, as wrong as it is.","1_3_2_2_1"
"264","https://www.reddit.com/r/inflation/comments/1blcncs/mcnuggets_over_a_dollar_each/","dontha3","2024-03-22",1711151755,1,1,0,0,"For someone on the brink of starvation, very little thought is being put into this purchase.","1_3_3"
"265","https://www.reddit.com/r/inflation/comments/1blcncs/mcnuggets_over_a_dollar_each/","Rhawk187","2024-03-23",1711152277,1,1,0,0,"Can't think clearly because of being on the brink of starvation.","1_3_3_1"
"266","https://www.reddit.com/r/inflation/comments/1blcncs/mcnuggets_over_a_dollar_each/","dproma","2024-03-23",1711153883,1,1,0,0,"Starvation might be a better option than paying $7 to eat this poison","1_3_3_2"
"267","https://www.reddit.com/r/inflation/comments/1blcncs/mcnuggets_over_a_dollar_each/","jeffwulf","2024-03-22",1711151551,1,1,0,0,"It's obviously not the cheapest out of all the options for someone on the brink of starvation though.","1_3_4"
"268","https://www.reddit.com/r/inflation/comments/1blcncs/mcnuggets_over_a_dollar_each/","Paradox68","2024-03-22",1711151785,1,1,0,0,"You just solved all of the problems of the bourgeoisie. If they monopolize enough, and all participate in price fixing, theyll leave us no choice but to pay $40 for a loaf of bread.

Whos gonna stop them, the SEC?!

HAHAHAHAHAHAHAHAHAHAHA","1_3_5"
"269","https://www.reddit.com/r/inflation/comments/1blcncs/mcnuggets_over_a_dollar_each/","WittyProfile","2024-03-22",1711150751,1,1,0,0,"The brink of starvation? That should only be an excuse for the homeless.","1_3_6"
"270","https://www.reddit.com/r/inflation/comments/1blcncs/mcnuggets_over_a_dollar_each/","cascaderade","2024-03-22",1711149867,1,1,0,0,"I know. It's sad","1_3_7"
"271","https://www.reddit.com/r/inflation/comments/1blcncs/mcnuggets_over_a_dollar_each/","All_Money_In206","2024-03-23",1711152398,1,1,0,0,"This is not the cheapest option.","1_3_8"
"272","https://www.reddit.com/r/inflation/comments/1blcncs/mcnuggets_over_a_dollar_each/","Elephlump","2024-03-23",1711152763,1,1,0,0,"That's the dumbest thing I never heard.  Go fucking grocery shopping, Jesus Christ.  McDonald's has never been the ""cheapest option"".","1_3_9"
"273","https://www.reddit.com/r/inflation/comments/1blcncs/mcnuggets_over_a_dollar_each/","Jake0024","2024-03-23",1711153045,1,1,0,0,"&gt; if its the cheapest out of all the options

It's not.

If you're about to write something that's not true, putting the word ""if"" in front of it doesn't make it true. You can just not write it instead.","1_3_10"
"274","https://www.reddit.com/r/inflation/comments/1blcncs/mcnuggets_over_a_dollar_each/","dproma","2024-03-23",1711153808,1,1,0,0,"You can still get a Costco hotdog and drink for $1.50 Lol","1_3_11"
"275","https://www.reddit.com/r/inflation/comments/1blcncs/mcnuggets_over_a_dollar_each/","CapitalOneDeezNutz","2024-03-22",1711148700,15,15,0,0,"At this point they just know were gonna keep buying it.","2"
"276","https://www.reddit.com/r/inflation/comments/1blcncs/mcnuggets_over_a_dollar_each/","sbpo492","2024-03-22",1711149471,3,3,0,0,"Its incredibly frustrating because as long as people buy them, then they will charge that price. I know one off purchases and emergencies happen but if its causing financial stress when buying consistently, there might need to be a reconsideration.","2_1"
"277","https://www.reddit.com/r/inflation/comments/1blcncs/mcnuggets_over_a_dollar_each/","Im-a-cat-in-a-box","2024-03-23",1711153654,1,1,0,0,"Americans don't vote with their dollar line they used to unless it's political. I think there might be some addiction going on here too.","2_1_1"
"278","https://www.reddit.com/r/inflation/comments/1blcncs/mcnuggets_over_a_dollar_each/","Jake0024","2024-03-23",1711153100,1,1,0,0,"Who's this ""we""? I haven't eaten a McDonald's chicken nugget in at least 10 years.","2_2"
"279","https://www.reddit.com/r/inflation/comments/1blcncs/mcnuggets_over_a_dollar_each/","Few_Huckleberry_2565","2024-03-22",1711149343,5,5,0,0,"Growing up it was 20 for 4.99 and sometimes those were on sale :(","3"
"280","https://www.reddit.com/r/inflation/comments/1blcncs/mcnuggets_over_a_dollar_each/","bambaclaaat","2024-03-22",1711149725,1,1,0,0,"Yep, and itll last for lunch and dinner sometimes :(","3_1"
"281","https://www.reddit.com/r/inflation/comments/1blcncs/mcnuggets_over_a_dollar_each/","PJMfromQnz","2024-03-22",1711150309,1,1,0,0,"Download the app, I get 20 nuggets for $5 here in Queens, NY. They also have other discounts like 20% off every order (cant use more than 1 coupon per order though)","3_2"
"282","https://www.reddit.com/r/inflation/comments/1blcncs/mcnuggets_over_a_dollar_each/","ProximaCentauriOmega","2024-03-22",1711149311,8,8,0,0,"McNuggest 5 US $ a piece and people like you will still keep buying them. Damn it at least get good ones like from Popeyes! Ugh","4"
"283","https://www.reddit.com/r/inflation/comments/1blcncs/mcnuggets_over_a_dollar_each/","bambaclaaat","2024-03-22",1711149680,-3,-3,0,0,"Lol, get off your moral high ground. Im not poor nor broke, a friend of mine just sent it to me. We all eat shitty food from fast food places including you >7B","4_1"
"284","https://www.reddit.com/r/inflation/comments/1blcncs/mcnuggets_over_a_dollar_each/","scheav","2024-03-22",1711150625,1,1,0,0,"Most places are less expensive, like Chick fil a. Why are you going to MD?","4_1_1"
"285","https://www.reddit.com/r/inflation/comments/1blcncs/mcnuggets_over_a_dollar_each/","Laughingbuddha77","2024-03-23",1711153219,1,1,0,0,"Chick fil a is a lot of things but cheap is not one of them.","4_1_1_1"
"286","https://www.reddit.com/r/inflation/comments/1blcncs/mcnuggets_over_a_dollar_each/","bambaclaaat","2024-03-22",1711150877,1,1,0,0,"No chik fil a in canada(yet)","4_1_1_2"
"287","https://www.reddit.com/r/inflation/comments/1blcncs/mcnuggets_over_a_dollar_each/","fuwoswp","2024-03-23",1711153185,1,1,0,0,"Why are you going to Canada? 

/s","4_1_1_2_1"
"288","https://www.reddit.com/r/inflation/comments/1blcncs/mcnuggets_over_a_dollar_each/","Elephlump","2024-03-23",1711152844,1,1,0,0,"No, we all don't.  That's absurd you even think everyone eats that garbage.","4_1_2"
"289","https://www.reddit.com/r/inflation/comments/1blcncs/mcnuggets_over_a_dollar_each/","HonoluluBlueFlu","2024-03-22",1711148522,4,4,0,0,"I remember when a combo was like 5.xx after tax.","5"
"290","https://www.reddit.com/r/inflation/comments/1blcncs/mcnuggets_over_a_dollar_each/","jamminjalepeno","2024-03-22",1711149130,3,3,0,0,"I remember when a 20pc was $5.","5_1"
"291","https://www.reddit.com/r/inflation/comments/1blcncs/mcnuggets_over_a_dollar_each/","muthafuckdeathrow","2024-03-23",1711152377,1,1,0,0,"I member","5_1_1"
"292","https://www.reddit.com/r/inflation/comments/1blcncs/mcnuggets_over_a_dollar_each/","Historical_Profit757","2024-03-22",1711148622,2,2,0,0,"I remember when I could get a medium fry and a McDouble or four nugs for 2.14 that was 18 years ago","5_2"
"293","https://www.reddit.com/r/inflation/comments/1blcncs/mcnuggets_over_a_dollar_each/","whois44","2024-03-22",1711150252,4,4,0,0,"40 peice $11.69 on the app in St. Petersburg, FL, like 3 miles from the coast","6"
"294","https://www.reddit.com/r/inflation/comments/1blcncs/mcnuggets_over_a_dollar_each/","Boring_Football3595","2024-03-22",1711151537,1,1,0,0,"Shot with the app coupon I got 20 nuggets at 2 medium fries for a little under $7.","6_1"
"295","https://www.reddit.com/r/inflation/comments/1blcncs/mcnuggets_over_a_dollar_each/","coocoocachoo69","2024-03-22",1711150465,1,1,0,0,"Never buy anything without an app deal.","7"
"296","https://www.reddit.com/r/inflation/comments/1blcncs/mcnuggets_over_a_dollar_each/","Party-Evidence-9412","2024-03-22",1711150704,1,1,0,0,"Yep.  People are lazy.  Rather pay full price and bitch on Reddit","7_1"
"297","https://www.reddit.com/r/inflation/comments/1blcncs/mcnuggets_over_a_dollar_each/","NotRemotelyMe1010","2024-03-23",1711152470,1,1,0,0,"I can get a 10 count for $2.49 every day on the app?!","7_2"
"298","https://www.reddit.com/r/inflation/comments/1blcncs/mcnuggets_over_a_dollar_each/","scheav","2024-03-22",1711151276,1,1,0,0,"FYI this is in monopoly money (Canadian dollars). So its much cheaper than you think.","8"
"299","https://www.reddit.com/r/inflation/comments/1blcncs/mcnuggets_over_a_dollar_each/","ClashofFacts","2024-03-22",1711149845,2,2,0,0,"Capitalism operating as planned.","9"
"300","https://www.reddit.com/r/inflation/comments/1blcncs/mcnuggets_over_a_dollar_each/","Party-Evidence-9412","2024-03-22",1711150673,1,1,0,0,"Minimum wage","9_1"
"301","https://www.reddit.com/r/inflation/comments/1blcncs/mcnuggets_over_a_dollar_each/","Felateacactusyoumust","2024-03-22",1711150100,2,2,0,0,"Buried lede is that a Canadian Dollar is only worth 74% of a US Dollar  

Important, because this is in Canada","10"
"302","https://www.reddit.com/r/inflation/comments/1blcncs/mcnuggets_over_a_dollar_each/","Party-Evidence-9412","2024-03-22",1711150637,1,1,0,0,"Use the app...$3.99 for six piece, and you can always use a 25% deal, so you're at $3.","11"
"303","https://www.reddit.com/r/inflation/comments/1blcncs/mcnuggets_over_a_dollar_each/","NotRemotelyMe1010","2024-03-23",1711152506,1,1,0,0,"I posted above, but I can get a 10-count with dipping sauces for $2.49 every day using the app?","11_1"
"304","https://www.reddit.com/r/inflation/comments/1blcncs/mcnuggets_over_a_dollar_each/","W61_51XD_Goose","2024-03-22",1711151138,1,1,0,0,"It sucks that they *force* you to buy them, too","12"
"305","https://www.reddit.com/r/inflation/comments/1blcncs/mcnuggets_over_a_dollar_each/","Beatles352","2024-03-22",1711151226,1,1,0,0,"This has to be Canada based on the receipt. I've never seen them this high in the US.","13"
"306","https://www.reddit.com/r/inflation/comments/1blcncs/mcnuggets_over_a_dollar_each/","Happy_Confection90","2024-03-23",1711152934,1,1,0,0,"It definitely is. Any website that ends in .ca like the url on the top of the receipt is a Canadian website. It's a bit confusing, though, because California's government websites use ca.gov","13_1"
"307","https://www.reddit.com/r/inflation/comments/1blcncs/mcnuggets_over_a_dollar_each/","Paradox68","2024-03-22",1711151693,1,1,0,0,"Remember when a 6-piece nugget was on the dollar menu?

Maybe it was a 4-piece but thats still $0.25 a nugget.

Theres no world where inflation is causing this insane rise in pricing.","14"
"308","https://www.reddit.com/r/inflation/comments/1blcncs/mcnuggets_over_a_dollar_each/","maxroadrage","2024-03-23",1711152694,1,1,0,0,"This a picture from Canada its actually less depending on what state you live in except California","15"
"309","https://www.reddit.com/r/inflation/comments/1blcncs/mcnuggets_over_a_dollar_each/","Jake0024","2024-03-23",1711153014,1,1,0,0,"Stop. Buying. Them.","16"
"310","https://www.reddit.com/r/inflation/comments/1blcncs/mcnuggets_over_a_dollar_each/","PitifulAnxiety8942","2024-03-22",1711148956,1,1,0,0,"Oh Canada, how pathetic can it be.","17"
"311","https://www.reddit.com/r/inflation/comments/1blcncs/mcnuggets_over_a_dollar_each/","lhorwinkle","2024-03-22",1711151489,1,1,0,0,"Does the price of food at McDonalds matter?

The food is inedible junk. Even for free there's nothing there I would eat. It's crap.","18"
"312","https://www.reddit.com/r/inflation/comments/1blcncs/mcnuggets_over_a_dollar_each/","Rhawk187","2024-03-23",1711152367,1,1,0,0,"The idiocracy has set in; people can no longer cook for themselves, so they are held hostage by the whims of tthe Roy Kroc's of the world.","18_1"
"313","https://www.reddit.com/r/inflation/comments/1blcncs/mcnuggets_over_a_dollar_each/","BaxxyNut","2024-03-23",1711152298,1,1,0,0,"Lol. 2.39 here","19"
"314","https://www.reddit.com/r/inflation/comments/1blcncs/mcnuggets_over_a_dollar_each/","fkbfkb","2024-03-23",1711152447,1,1,0,0,"Theyre looking for people dumb enough to buy them at that price.  Amazingly they always find them.  I cant blame them for taking an idiots money","20"
"315","https://www.reddit.com/r/inflation/comments/1blcncs/mcnuggets_over_a_dollar_each/","robbodee","2024-03-23",1711152508,1,1,0,0,"Where tf are you at? I can get a 20 PC for $6.39+ tax in Texas.","21"
"316","https://www.reddit.com/r/inflation/comments/1blcncs/mcnuggets_over_a_dollar_each/","Studentdoctor29","2024-03-23",1711152696,1,1,0,0,"This is what an increase in minimum wage gets you guys, kids.","22"
"317","https://www.reddit.com/r/inflation/comments/1blcncs/mcnuggets_over_a_dollar_each/","FanAdministrative885","2024-03-23",1711152776,1,1,0,0,"Don't know where you are at but same thing here is $2.99","23"
"318","https://www.reddit.com/r/inflation/comments/1blcncs/mcnuggets_over_a_dollar_each/","Whitdc","2024-03-23",1711152987,1,1,0,0,"Stop eating this shit!","24"
"319","https://www.reddit.com/r/inflation/comments/1blcncs/mcnuggets_over_a_dollar_each/","kevy11pablokarma","2024-03-23",1711153031,1,1,0,0,"You guys still go to McDonald's?","25"
"320","https://www.reddit.com/r/inflation/comments/1blcncs/mcnuggets_over_a_dollar_each/","MessagingMatters","2024-03-23",1711153376,1,1,0,0,"Aren't the prices posted?","26"
"321","https://www.reddit.com/r/inflation/comments/1blcncs/mcnuggets_over_a_dollar_each/","Over-Scallion-2161","2024-03-23",1711153396,1,1,0,0,"Its 4.76 in American dollars&.","27"
"322","https://www.reddit.com/r/inflation/comments/1blcncs/mcnuggets_over_a_dollar_each/","johnnyg883","2024-03-23",1711153529,1,1,0,0,"You can get a 5lb bag of Tyson chicken nuggets for $14.00 +- .  Stop eating at fast food restaurants.","28"
"323","https://www.reddit.com/r/inflation/comments/1blcncs/mcnuggets_over_a_dollar_each/","AntelopeExisting4538","2024-03-23",1711153608,1,1,0,0,"These have just as much chemical ingredients as it does shredded chicken pressed into a nugget shape.","29"
"324","https://www.reddit.com/r/inflation/comments/1blcncs/mcnuggets_over_a_dollar_each/","NoPretenseNoBullshit","2024-03-23",1711153654,1,1,0,0,"People really need to stop buying from RIP off companies when possible.","30"
"325","https://www.reddit.com/r/inflation/comments/1blcncs/mcnuggets_over_a_dollar_each/","canes2407","2024-03-22",1711150478,1,1,0,0,"A happy meal is under $6 that comes with a 6 piece, small fry, and drink. Thats MD prices","31"
"326","https://www.reddit.com/r/inflation/comments/1blcncs/mcnuggets_over_a_dollar_each/","EbbPowerful2212","2024-03-22",1711150643,1,1,0,0,"Thats what you get when minimum wage is 15 an hour.","32"
"327","https://www.reddit.com/r/inflation/comments/1blbqlj/breadgate_lawsuit_continues/","Hour-Ad-3635","2024-03-22",1711145614,2,2,0,0,"This guy is the definition of inflation. British pond scum.","1"
"328","https://www.reddit.com/r/inflation/comments/1blbqlj/breadgate_lawsuit_continues/","Hour-Ad-3635","2024-03-22",1711145740,2,2,0,0,"r/loblawsisoutofcontrol","2"
